{"results": {"imdb->uwcse": [[{"transfer": {"AUC ROC": 0.68146, "AUC PR": 0.753614, "CLL": -0.584349, "Precision": [1.0, 0.5], "Recall": 0.346154, "F1": 0.514286, "Learning time": 8.521, "Inference time": 0.702, "Mapping results": {"Knowledge compiling time": 0.027999401092529297, "Generating paths time": 4.166255235671997, "Generating mappings time": 0.2212986946105957, "Possible mappings": 864, "Finding best mapping": 0.16708683967590332, "Total time": 4.582648754119873}, "Parameter Learning results": {"AUC ROC": 0.68146, "AUC PR": 0.753614, "CLL": -0.584349, "Precision": [1.0, 0.5], "Recall": 0.346154, "F1": 0.514286, "Learning time": 3.696, "Inference time": 0.681}}, "scratch": {"AUC ROC": 0.951923, "AUC PR": 0.92262, "CLL": -0.259681, "Precision": [0.924051, 0.5], "Recall": 0.935897, "F1": 0.929936, "Learning time": 15.0, "Inference time": 0.844}}, {"transfer": {"AUC ROC": 0.902763, "AUC PR": 0.863302, "CLL": -0.344863, "Precision": [0.801724, 0.5], "Recall": 1.0, "F1": 0.889952, "Learning time": 6.284, "Inference time": 0.673, "Mapping results": {"Knowledge compiling time": 0.040236711502075195, "Generating paths time": 3.829338312149048, "Generating mappings time": 0.21123409271240234, "Possible mappings": 864, "Finding best mapping": 0.16598057746887207, "Total time": 4.246797561645508}, "Parameter Learning results": {"AUC ROC": 0.659614, "AUC PR": 0.728259, "CLL": -0.61275, "Precision": [0.914286, 0.5], "Recall": 0.344086, "F1": 0.5, "Learning time": 1.604, "Inference time": 0.707}}, "scratch": {"AUC ROC": 0.887097, "AUC PR": 0.815789, "CLL": -0.327735, "Precision": [0.815789, 0.5], "Recall": 1.0, "F1": 0.898551, "Learning time": 1.767, "Inference time": 0.712}}, {"transfer": {"AUC ROC": 0.900518, "AUC PR": 0.885969, "CLL": -0.486956, "Precision": [0.764706, 0.5], "Recall": 1.0, "F1": 0.866667, "Learning time": 6.385000000000001, "Inference time": 0.708, "Mapping results": {"Knowledge compiling time": 0.0211031436920166, "Generating paths time": 3.6023967266082764, "Generating mappings time": 0.2158339023590088, "Possible mappings": 864, "Finding best mapping": 0.16486024856567383, "Total time": 4.004216194152832}, "Parameter Learning results": {"AUC ROC": 0.6875, "AUC PR": 0.756441, "CLL": -0.591751, "Precision": [0.5, 0.5], "Recall": 1.0, "F1": 0.666667, "Learning time": 1.847, "Inference time": 0.744}}, "scratch": {"AUC ROC": 0.899038, "AUC PR": 0.832, "CLL": -0.30308, "Precision": [0.832, 0.5], "Recall": 1.0, "F1": 0.908297, "Learning time": 1.589, "Inference time": 0.683}}, {"transfer": {"AUC ROC": 0.676875, "AUC PR": 0.739319, "CLL": -0.58593, "Precision": [0.965517, 0.5], "Recall": 0.35, "F1": 0.513761, "Learning time": 13.224, "Inference time": 0.672, "Mapping results": {"Knowledge compiling time": 0.028878211975097656, "Generating paths time": 4.038731575012207, "Generating mappings time": 0.2169663906097412, "Possible mappings": 864, "Finding best mapping": 0.1661829948425293, "Total time": 4.450766086578369}, "Parameter Learning results": {"AUC ROC": 0.676875, "AUC PR": 0.739319, "CLL": -0.58593, "Precision": [0.965517, 0.5], "Recall": 0.35, "F1": 0.513761, "Learning time": 6.253, "Inference time": 0.673}}, "scratch": {"AUC ROC": 0.958672, "AUC PR": 0.938277, "CLL": -0.239387, "Precision": [0.876404, 0.5], "Recall": 0.975, "F1": 0.923077, "Learning time": 13.42, "Inference time": 0.773}}, {"transfer": {"AUC ROC": 0.929057, "AUC PR": 0.893756, "CLL": -0.288352, "Precision": [0.836207, 0.5], "Recall": 1.0, "F1": 0.910798, "Learning time": 15.665, "Inference time": 0.748, "Mapping results": {"Knowledge compiling time": 0.0402219295501709, "Generating paths time": 3.9582669734954834, "Generating mappings time": 0.2148447036743164, "Possible mappings": 864, "Finding best mapping": 0.16649270057678223, "Total time": 4.379832744598389}, "Parameter Learning results": {"AUC ROC": 0.67919, "AUC PR": 0.74825, "CLL": -0.586788, "Precision": [0.925, 0.5], "Recall": 0.381443, "F1": 0.540146, "Learning time": 3.372, "Inference time": 0.672}}, "scratch": {"AUC ROC": 0.936816, "AUC PR": 0.928082, "CLL": -0.274117, "Precision": [0.850877, 0.5], "Recall": 1.0, "F1": 0.919431, "Learning time": 7.321, "Inference time": 0.791}}]], "uwcse->imdb": [[{"transfer": {"AUC ROC": 0.735684, "AUC PR": 0.80099, "CLL": -0.536961, "Precision": [1.0, 0.5], "Recall": 0.43865, "F1": 0.609808, "Learning time": 6.074999999999999, "Inference time": 0.861, "Mapping results": {"Knowledge compiling time": 0.028110980987548828, "Generating paths time": 4.307417631149292, "Generating mappings time": 0.3462519645690918, "Possible mappings": 2592, "Finding best mapping": 1.1503081321716309, "Total time": 5.832096338272095}, "Parameter Learning results": {"AUC ROC": 0.735684, "AUC PR": 0.80099, "CLL": -0.536961, "Precision": [1.0, 0.5], "Recall": 0.43865, "F1": 0.609808, "Learning time": 2.287, "Inference time": 0.876}}, "scratch": {"AUC ROC": 0.989264, "AUC PR": 0.978979, "CLL": -0.116803, "Precision": [0.978979, 0.5], "Recall": 1.0, "F1": 0.989378, "Learning time": 1.78, "Inference time": 0.769}}, {"transfer": {"AUC ROC": 0.748057, "AUC PR": 0.811928, "CLL": -0.523744, "Precision": [1.0, 0.5], "Recall": 0.462963, "F1": 0.632911, "Learning time": 5.654, "Inference time": 0.828, "Mapping results": {"Knowledge compiling time": 0.03207850456237793, "Generating paths time": 4.3497374057769775, "Generating mappings time": 0.31006860733032227, "Possible mappings": 2592, "Finding best mapping": 1.1664457321166992, "Total time": 5.858338117599487}, "Parameter Learning results": {"AUC ROC": 0.748057, "AUC PR": 0.811928, "CLL": -0.523744, "Precision": [1.0, 0.5], "Recall": 0.462963, "F1": 0.632911, "Learning time": 2.678, "Inference time": 0.799}}, "scratch": {"AUC ROC": 0.989198, "AUC PR": 0.978852, "CLL": -0.11694, "Precision": [0.978852, 0.5], "Recall": 1.0, "F1": 0.989313, "Learning time": 1.652, "Inference time": 0.767}}, {"transfer": {"AUC ROC": 1.0, "AUC PR": 1.0, "CLL": -0.103835, "Precision": [1.0, 0.5], "Recall": 1.0, "F1": 1.0, "Learning time": 17.493000000000002, "Inference time": 0.812, "Mapping results": {"Knowledge compiling time": 0.030481815338134766, "Generating paths time": 4.359213352203369, "Generating mappings time": 0.31580424308776855, "Possible mappings": 2592, "Finding best mapping": 1.1591782569885254, "Total time": 5.864686012268066}, "Parameter Learning results": {"AUC ROC": 1.0, "AUC PR": 1.0, "CLL": -0.103835, "Precision": [1.0, 0.5], "Recall": 1.0, "F1": 1.0, "Learning time": 9.364, "Inference time": 0.786}}, "scratch": {"AUC ROC": 1.0, "AUC PR": 1.0, "CLL": -0.094637, "Precision": [1.0, 0.5], "Recall": 1.0, "F1": 1.0, "Learning time": 5.62, "Inference time": 0.77}}, {"transfer": {"AUC ROC": 0.750795, "AUC PR": 0.81505, "CLL": -0.520732, "Precision": [1.0, 0.5], "Recall": 0.47181, "F1": 0.641129, "Learning time": 5.398, "Inference time": 0.902, "Mapping results": {"Knowledge compiling time": 0.027340173721313477, "Generating paths time": 4.227182388305664, "Generating mappings time": 0.3107459545135498, "Possible mappings": 2592, "Finding best mapping": 1.1608824729919434, "Total time": 5.7261645793914795}, "Parameter Learning results": {"AUC ROC": 0.750795, "AUC PR": 0.81505, "CLL": -0.520732, "Precision": [1.0, 0.5], "Recall": 0.47181, "F1": 0.641129, "Learning time": 2.303, "Inference time": 0.962}}, "scratch": {"AUC ROC": 1.0, "AUC PR": 1.0, "CLL": -0.098904, "Precision": [0.982507, 0.5], "Recall": 1.0, "F1": 0.991176, "Learning time": 3.254, "Inference time": 0.85}}, {"transfer": {"AUC ROC": 0.732321, "AUC PR": 0.798914, "CLL": -0.537627, "Precision": [1.0, 0.5], "Recall": 0.436202, "F1": 0.607438, "Learning time": 5.199, "Inference time": 0.919, "Mapping results": {"Knowledge compiling time": 0.027113676071166992, "Generating paths time": 4.230339050292969, "Generating mappings time": 0.30987024307250977, "Possible mappings": 2592, "Finding best mapping": 1.1525700092315674, "Total time": 5.719899892807007},