{"results": {"imdb->uwcse": [[{"transfer": {"AUC ROC": 0.68146, "AUC PR": 0.753614, "CLL": -0.584349, "Precision": [1.0, 0.5], "Recall": 0.346154, "F1": 0.514286, "Learning time": 9.34, "Inference time": 0.656, "Mapping results": {"Knowledge compiling time": 0.026130199432373047, "Generating paths time": 4.139468669891357, "Generating mappings time": 0.12269926071166992, "Possible mappings": 864, "Finding best mapping": 0.16658401489257812, "Total time": 4.454890727996826}, "Parameter Learning results": {"AUC ROC": 0.68146, "AUC PR": 0.753614, "CLL": -0.584349, "Precision": [1.0, 0.5], "Recall": 0.346154, "F1": 0.514286, "Learning time": 4.37, "Inference time": 0.676}}, "scratch": {"AUC ROC": 0.967949, "AUC PR": 0.960318, "CLL": -0.259953, "Precision": [0.922078, 0.5], "Recall": 0.910256, "F1": 0.916129, "Learning time": 15.447, "Inference time": 0.81}}, {"transfer": {"AUC ROC": 0.67372, "AUC PR": 0.738022, "CLL": -0.592784, "Precision": [0.969697, 0.5], "Recall": 0.344086, "F1": 0.507937, "Learning time": 4.5680000000000005, "Inference time": 0.692, "Mapping results": {"Knowledge compiling time": 0.027206897735595703, "Generating paths time": 3.825491428375244, "Generating mappings time": 0.12123990058898926, "Possible mappings": 864, "Finding best mapping": 0.16553592681884766, "Total time": 4.139482259750366}, "Parameter Learning results": {"AUC ROC": 0.67372, "AUC PR": 0.738022, "CLL": -0.592784, "Precision": [0.969697, 0.5], "Recall": 0.344086, "F1": 0.507937, "Learning time": 2.059, "Inference time": 0.696}}, "scratch": {"AUC ROC": 0.887097, "AUC PR": 0.815789, "CLL": -0.327735, "Precision": [0.815789, 0.5], "Recall": 1.0, "F1": 0.898551, "Learning time": 1.862, "Inference time": 0.633}}, {"transfer": {"AUC ROC": 0.900518, "AUC PR": 0.885969, "CLL": -0.437658, "Precision": [0.764706, 0.5], "Recall": 1.0, "F1": 0.866667, "Learning time": 6.202999999999999, "Inference time": 0.717, "Mapping results": {"Knowledge compiling time": 0.02408599853515625, "Generating paths time": 3.645116090774536, "Generating mappings time": 0.11825013160705566, "Possible mappings": 864, "Finding best mapping": 0.16387152671813965, "Total time": 3.9513323307037354}, "Parameter Learning results": {"AUC ROC": 0.6875, "AUC PR": 0.756441, "CLL": -0.591751, "Precision": [0.5, 0.5], "Recall": 1.0, "F1": 0.666667, "Learning time": 1.844, "Inference time": 0.732}}, "scratch": {"AUC ROC": 0.899038, "AUC PR": 0.832, "CLL": -0.30308, "Precision": [0.832, 0.5], "Recall": 1.0, "F1": 0.908297, "Learning time": 1.545, "Inference time": 0.637}}, {"transfer": {"AUC ROC": 0.676875, "AUC PR": 0.739319, "CLL": -0.58593, "Precision": [0.965517, 0.5], "Recall": 0.35, "F1": 0.513761, "Learning time": 12.513, "Inference time": 0.701, "Mapping results": {"Knowledge compiling time": 0.025594472885131836, "Generating paths time": 4.013956546783447, "Generating mappings time": 0.12094569206237793, "Possible mappings": 864, "Finding best mapping": 0.16662049293518066, "Total time": 4.327123403549194}, "Parameter Learning results": {"AUC ROC": 0.676875, "AUC PR": 0.739319, "CLL": -0.58593, "Precision": [0.965517, 0.5], "Recall": 0.35, "F1": 0.513761, "Learning time": 5.659, "Inference time": 0.703}}, "scratch": {"AUC ROC": 0.960391, "AUC PR": 0.93999, "CLL": -0.242118, "Precision": [0.876404, 0.5], "Recall": 0.975, "F1": 0.923077, "Learning time": 14.173, "Inference time": 0.767}}, {"transfer": {"AUC ROC": 0.691944, "AUC PR": 0.756845, "CLL": -0.567645, "Precision": [0.973684, 0.5], "Recall": 0.381443, "F1": 0.548148, "Learning time": 7.995, "Inference time": 0.702, "Mapping results": {"Knowledge compiling time": 0.0372014045715332, "Generating paths time": 3.891112804412842, "Generating mappings time": 0.11903095245361328, "Possible mappings": 864, "Finding best mapping": 0.1649458408355713, "Total time": 4.2122979164123535}, "Parameter Learning results": {"AUC ROC": 0.691944, "AUC PR": 0.756845, "CLL": -0.567645, "Precision": [0.973684, 0.5], "Recall": 0.381443, "F1": 0.548148, "Learning time": 3.524, "Inference time": 0.698}}, "scratch": {"AUC ROC": 0.939367, "AUC PR": 0.924259, "CLL": -0.278494, "Precision": [0.850877, 0.5], "Recall": 1.0, "F1": 0.919431, "Learning time": 7.12, "Inference time": 0.793}}]], "uwcse->imdb": [[{"transfer": {"AUC ROC": 0.735684, "AUC PR": 0.80099, "CLL": -0.536961, "Precision": [1.0, 0.5], "Recall": 0.43865, "F1": 0.609808, "Learning time": 6.074999999999999, "Inference time": 0.861, "Mapping results": {"Knowledge compiling time": 0.028110980987548828, "Generating paths time": 4.307417631149292, "Generating mappings time": 0.3462519645690918, "Possible mappings": 2592, "Finding best mapping": 1.1503081321716309, "Total time": 5.832096338272095}, "Parameter Learning results": {"AUC ROC": 0.735684, "AUC PR": 0.80099, "CLL": -0.536961, "Precision": [1.0, 0.5], "Recall": 0.43865, "F1": 0.609808, "Learning time": 2.287, "Inference time": 0.876}}, "scratch": {"AUC ROC": 0.989264, "AUC PR": 0.978979, "CLL": -0.116803, "Precision": [0.978979, 0.5], "Recall": 1.0, "F1": 0.989378, "Learning time": 1.78, "Inference time": 0.769}}, {"transfer": {"AUC ROC": 0.748057, "AUC PR": 0.811928, "CLL": -0.523744, "Precision": [1.0, 0.5], "Recall": 0.462963, "F1": 0.632911, "Learning time": 5.654, "Inference time": 0.828, "Mapping results": {"Knowledge compiling time": 0.03207850456237793, "Generating paths time": 4.3497374057769775, "Generating mappings time": 0.31006860733032227, "Possible mappings": 2592, "Finding best mapping": 1.1664457321166992, "Total time": 5.858338117599487}, "Parameter Learning results": {"AUC ROC": 0.748057, "AUC PR": 0.811928, "CLL": -0.523744, "Precision": [1.0, 0.5], "Recall": 0.462963, "F1": 0.632911, "Learning time": 2.678, "Inference time": 0.799}}, "scratch": {"AUC ROC": 0.989198, "AUC PR": 0.978852, "CLL": -0.11694, "Precision": [0.978852, 0.5], "Recall": 1.0, "F1": 0.989313, "Learning time": 1.652, "Inference time": 0.767}}, {"transfer": {"AUC ROC": 1.0, "AUC PR": 1.0, "CLL": -0.103835, "Precision": [1.0, 0.5], "Recall": 1.0, "F1": 1.0, "Learning time": 17.493000000000002, "Inference time": 0.812, "Mapping results": {"Knowledge compiling time": 0.030481815338134766, "Generating paths time": 4.359213352203369, "Generating mappings time": 0.31580424308776855, "Possible mappings": 2592, "Finding best mapping": 1.1591782569885254, "Total time": 5.864686012268066}, "Parameter Learning results": {"AUC ROC": 1.0, "AUC PR": 1.0, "CLL": -0.103835, "Precision": [1.0, 0.5], "Recall": 1.0, "F1": 1.0, "Learning time": 9.364, "Inference time": 0.786}}, "scratch": {"AUC ROC": 1.0, "AUC PR": 1.0, "CLL": -0.094637, "Precision": [1.0, 0.5], "Recall": 1.0, "F1": 1.0, "Learning time": 5.62, "Inference time": 0.77}}, {"transfer": {"AUC ROC": 0.750795, "AUC PR": 0.81505, "CLL": -0.520732, "Precision": [1.0, 0.5], "Recall": 0.47181, "F1": 0.641129, "Learning time": 5.398, "Inference time": 0.902, "Mapping results": {"Knowledge compiling time": 0.027340173721313477, "Generating paths time": 4.227182388305664, "Generating mappings time": 0.3107459545135498, "Possible mappings": 2592, "Finding best mapping": 1.1608824729919434, "Total time": 5.7261645793914795}, "Parameter Learning results": {"AUC ROC": 0.750795, "AUC PR": 0.81505, "CLL": -0.520732, "Precision": [1.0, 0.5], "Recall": 0.47181, "F1": 0.641129, "Learning time": 2.303, "Inference time": 0.962}}, "scratch": {"AUC ROC": 1.0, "AUC PR": 1.0, "CLL": -0.098904, "Precision": [0.982507, 0.5], "Recall": 1.0, "F1": 0.991176, "Learning time": 3.254, "Inference time": 0.85}}, {"transfer": {"AUC ROC": 0.732321, "AUC PR": 0.798914, "CLL": -0.537627, "Precision": [1.0, 0.5], "Recall": 0.436202, "F1": 0.607438, "Learning time": 5.199, "Inference time": 0.919, "Mapping results": {"Knowledge compiling time": 0.027113676071166992, "Generating paths time": 4.230339050292969, "Generating mappings time": 0.30987024307250977, "Possible mappings": 2592, "Finding best mapping": 1.1525700092315674, "Total time": 5.719899892807007},