{"results": {"imdb->yago2s(influences)": [[{"scratch": {"Recall": 0.423545, "Inference time": 78.799, "CLL": -0.651012, "AUC ROC": 0.671473, "Learning time": 1387.874, "Precision": [0.697429, 0.5], "F1": 0.527029, "AUC PR": 0.68291}, "transfer": {"Mapping results": {"Finding best mapping": 0.008997201919555664, "Possible mappings": 56, "Total time": 26.297747373580933, "Generating mappings time": 0.050771236419677734, "Knowledge compiling time": 23.41864514350891, "Generating paths time": 2.8193273544311523}, "Recall": 0.401711, "Inference time": 103.787, "CLL": -0.654922, "AUC ROC": 0.659742, "Learning time": 1847.806, "Precision": [0.696551, 0.5], "F1": 0.509554, "Parameter Learning results": {"Recall": 0.005183, "Inference time": 67.898, "CLL": -0.69355, "AUC ROC": 0.502592, "Learning time": 636.402, "Precision": [1.0, 0.5], "F1": 0.010313, "AUC PR": 0.509017}, "AUC PR": 0.676269}}]], "imdb->yago2s(imports)": [], "imdb->yago2s(exports)": [], "imdb->yago2s(ismarriedto)": [[{"scratch": {"Recall": 0.301653, "Inference time": 97.919, "CLL": -0.599821, "AUC ROC": 0.72688, "Learning time": 575.823, "Precision": [0.866256, 0.5], "F1": 0.447482, "AUC PR": 0.751001}, "transfer": {"Mapping results": {"Finding best mapping": 0.009721517562866211, "Possible mappings": 56, "Total time": 28.480241775512695, "Generating mappings time": 0.05756521224975586, "Knowledge compiling time": 25.29269289970398, "Generating paths time": 3.1202545166015625}, "Recall": 0.295721, "Inference time": 68.649, "CLL": -0.605105, "AUC ROC": 0.731036, "Learning time": 989.959, "Precision": [0.888341, 0.5], "F1": 0.443729, "Parameter Learning results": {"Recall": 0.012117, "Inference time": 64.282, "CLL": -0.691541, "AUC ROC": 0.506058, "Learning time": 282.986, "Precision": [1.0, 0.5], "F1": 0.023943, "AUC PR": 0.518515}, "AUC PR": 0.760744}}]], "imdb->yago2s(wrotemusicfor)": []}, "save": {"experiment": 5, "seed": 521380, "n_runs": 5}}